Passer (id),Receiver (id),Start Time (s),Duration (s),End Time (s)
10,18,5.2,1.4799999999999995,6.68
18,20,5.2,6.839999999999999,12.04
20,37,13.96,1.0399999999999991,15.0
